{"count":1,"self":42.426377599999995,"total":278.7436156,"children":{"InitializeActuators":{"count":32,"self":0.0020003,"total":0.0020003,"children":null},"InitializeSensors":{"count":32,"self":0.0058182999999999993,"total":0.0058182999999999993,"children":null},"AgentSendState":{"count":49017,"self":14.153100799999999,"total":31.851035699999997,"children":{"CollectObservations":{"count":313728,"self":1.0973739999999998,"total":1.0973739999999998,"children":null},"WriteActionMask":{"count":313728,"self":0.34578549999999997,"total":0.34578549999999997,"children":null},"RequestDecision":{"count":313728,"self":1.8073919999999999,"total":16.2547749,"children":{"AgentInfo.ToProto":{"count":313728,"self":0.99693749999999992,"total":14.4473828,"children":{"GenerateSensorData":{"count":313728,"self":11.554441599999999,"total":13.4504453,"children":{"RayPerceptionSensor.Perceive":{"count":941184,"self":1.8960034,"total":1.8960034,"children":null}}}}}}}}},"DecideAction":{"count":49017,"self":198.566912,"total":198.5669155,"children":null},"AgentAct":{"count":49017,"self":5.5646116,"total":5.6527385,"children":{"AgentInfo.ToProto":{"count":1591,"self":0.0067199999999999994,"total":0.088126799999999991,"children":{"GenerateSensorData":{"count":1591,"self":0.0724071,"total":0.0814068,"children":{"RayPerceptionSensor.Perceive":{"count":4773,"self":0.0089997,"total":0.0089997,"children":null}}}}}}},"AgentInfo.ToProto":{"count":3442,"self":0.0288075,"total":0.23671209999999998,"children":{"GenerateSensorData":{"count":3442,"self":0.1821728,"total":0.2079046,"children":{"RayPerceptionSensor.Perceive":{"count":10326,"self":0.0257318,"total":0.0257318,"children":null}}}}}},"gauges":{"AircraftLearning.CumulativeReward":{"count":5033,"max":12.38402,"min":-3.06001,"runningAverage":-0.602728963,"value":8.960815,"weightedAverage":2.33999372}},"metadata":{"timer_format_version":"0.1.0","start_time_seconds":"1658167810","unity_version":"2019.4.34f1","command_line_arguments":"W:\\Untiy\\2019.4.34f1\\Editor\\Unity.exe -projectpath W:\\Untiy\\Projects\\Aerialcharge-MainProject -useHub -hubIPC -cloudEnvironment production -licensingIpc LicenseClient-Maski -hubSessionId 44d416e0-06b9-11ed-a797-15ffb75520ee -accessToken -qvONxEZ8qSAy2l_7W2jEXpfDPwHDVgT1cDx7ytKojc00cf","communication_protocol_version":"1.5.0","com.unity.ml-agents_version":"2.0.1","scene_name":"Training","end_time_seconds":"1658168089"}}